{
  "mean": 54.405911915698326,
  "std": 19.494251201218948
}